RIC,Dashboard,Section,Data
CFRJ.J,Portfolio,Local,No
NPNJn.J,Portfolio,Local,No
PRXJn.J,Portfolio,Local,No
FSRJ.J,Portfolio,Local,No
CLSJ.J,Portfolio,Local,No
.JALSH,Portfolio,Local,No
OUTJ.J,Portfolio,Local,No
BHGJ.J,Portfolio,Local,No
REMJ.J,Portfolio,Local,No
WTOP20J.J,Portfolio,Local,No
GLNJ.J,Portfolio,Local,No
SYGEUJ.J,Portfolio,Local,No
APACXJJ.J,Portfolio,Local,No
GLOBALJ.J,Portfolio,Local,No
VALJ.J,Portfolio,Local,No
INCOMEJ.J,Portfolio,Local,No
GLDJ.J,Portfolio,Local,No
AGLJ.J,Portfolio,Local,No
CPIJ.J,Portfolio,Local,No
CSGOVIJ.J,Portfolio,Local,No
WNXT40J.J,Portfolio,Local,No
MTNJ.J,Portfolio,Local,No
MRPJ.J,Portfolio,Local,No
PCWGEJ.J,Portfolio,Local,No
ETFGGBJ.J,Portfolio,Local,No
UOMWPAJ.J,Portfolio,Local,No
BIDJ.J,Portfolio,Local,No
SBKJ.J,Portfolio,Local,No
RLOJ.J,Portfolio,Local,No
SHPJ.J,Portfolio,Local,No
SLMJ.J,Portfolio,Local,No
N91J.J,Portfolio,Local,No
ORNJ.J,Watchlist,Local,No
PANJ.J,Watchlist,Local,No
KALJ.J,Watchlist,Local,No
SSWJ.J,Watchlist,Local,No
STXRESJ.J,Watchlist,Local,No
MFLJ.J,Watchlist,Local,No
SUIJ.J,Watchlist,Local,No
BTIJ.J,Watchlist,Local,No
NGPLTJ.J,Watchlist,Local,No
STXCAPJ.J,Watchlist,Local,No
OMUJ.J,Watchlist,Local,No
ETFPLTJ.J,Watchlist,Local,No
STX40J.J,Watchlist,Local,No
WHLJ.J,Watchlist,Local,No
SYGEUJ.J,Watchlist,Local,No
STXNDQJ.J,Watchlist,Local,No
STXWDMJ.J,Watchlist,Local,No
BOXJ.J,Watchlist,Local,No
STXNDAJ.J,Watchlist,Local,No
DSYJ.J,Watchlist,Local,No
GLDJ.J,Watchlist,Local,No
STXGOVJ.J,Watchlist,Local,No
NEDJ.J,Watchlist,Local,No
WEZJ.J,Watchlist,Local,No
VODJ.J,Watchlist,Local,No
SOLJ.J,Watchlist,Local,No
ATTJ.J,Watchlist,Local,No
MNDI.L,Watchlist,Local,Yes
APNJ.J,Watchlist,Local,No
NEWUSDJ.J,Watchlist,Local,No
RLOJ.J,Watchlist,Local,No
ADHJ.J,Watchlist,Local,No
AFTJ.J,Watchlist,Local,No
MDIJ.J,Watchlist,Local,No
HDCJ.J,Watchlist,Local,No
PIKJ.J,Watchlist,Local,No
BVTJ.J,Watchlist,Local,No
RENJ.J,Watchlist,Local,No
KAPJ.J,Watchlist,Local,No
CPRJ.J,Watchlist,Local,No
REBJ.J,Watchlist,Local,No
PRX.AS,Portfolio,Global,Yes
ZTS,Portfolio,Global,Yes
MSFT.O,Portfolio,Global,No
AAPL.O,Portfolio,Global,No
GOOGL.O,Portfolio,Global,No
NVDA.O,Portfolio,Global,No
AAXJ.O,Portfolio,Global,No
IVW,Portfolio,Global,Yes
ASML.O,Portfolio,Global,No
SPGI.K,Portfolio,Global,No
OREP.PA,Portfolio,Global,No
SPEU.K,Portfolio,Global,No
SOXX.O,Portfolio,Global,No
GLD,Portfolio,Global,Yes
SYK,Portfolio,Global,Yes
V,Portfolio,Global,Yes
GIVN.S,Portfolio,Global,No
HON.O,Portfolio,Global,No
ATCOa.ST,Portfolio,Global,No
ADBE.O,Portfolio,Global,No
GOVT.BAT,Portfolio,Global,No
SHY.O,Portfolio,Global,No
AMZN.O,Portfolio,Global,No
BRKb,Portfolio,Global,No
ARKX.N,Watchlist,Global,No
ASPI.O,Watchlist,Global,No
IPLTI.L,Watchlist,Global,No
DIS,Watchlist,Global,Yes
.STOXX50E,Watchlist,Global,No
NFLX.O,Watchlist,Global,No
AIR.PA,Watchlist,Global,Yes
AAXJ.O,Watchlist,Global,No
ACWX.O,Watchlist,Global,No
EEM,Watchlist,Global,Yes
ACWI.O,Watchlist,Global,No
VGK,Watchlist,Global,Yes
BAES.L,Watchlist,Global,Yes
SNDL.O,Watchlist,Global,No
ONWD.BR,Watchlist,Global,Yes
ACN,Watchlist,Global,Yes
GRMN.K,Watchlist,Global,No
SPLTI.L,Watchlist,Global,No
EQIX.O,Watchlist,Global,No
NESN.S,Watchlist,Global,No
TXN.O,Watchlist,Global,No
BTC=,Watchlist,Global,No
SMT.L,Watchlist,Global,Yes
PMMF.K,Watchlist,Global,No
PEP.O,Watchlist,Global,No
TLT.O,Watchlist,Global,No
SAPG.DE,Watchlist,Global,No
PG,Watchlist,Global,Yes
BA,Watchlist,Global,Yes
DHR,Watchlist,Global,Yes
VC.O,Watchlist,Global,No
ULVR.L,Watchlist,Global,Yes
BKNG.O,Watchlist,Global,No
CFR.S,Watchlist,Global,No
9UA.F,Watchlist,Global,Yes
.SPX,Global,USA,No
.NDX,Global,USA,No
.JALSH,Global,EU,No
.JTOPI,Global,EU,No
.HSI,Global,EU,No
2823.HK,Global,Asia,Yes
.CSI300,Global,Asia,No
.STOXX50E,Global,EU,No
.FTSE,Global,USA,No
.DAXXDAX,Global,USA,No
PDD.O,Global,Asia,No
300750.SZ,Global,Asia,Yes
2823.HK,Global,Asia,Yes
MCHI.O,Global,Asia,No
0700.HK,Global,Asia,Yes
INDY.O,Global,Asia,No
INDA.K,Global,Asia,No
FXI,Global,Asia,Yes
1810.HK,Global,Asia,Yes
PGJ.O,Global,Asia,No
9988.HK,Global,Asia,Yes
601318.SS,Global,Asia,Yes
RELI.NS,Global,Asia,No
9618.HK,Global,Asia,Yes
TAMO.NS,Global,Asia,No
3690.HK,Global,Asia,Yes
YUM,Global,Asia,Yes
0285.HK,Global,Asia,Yes
PLTR.O,Global,Tech,No
AMD.O,Global,Tech,No
ORCL.K,Global,Tech,No
META.O,Global,Tech,No
NVDA.O,Global,Tech,No
TSLA.O,Global,Tech,No
CRWD.O,Global,Tech,No
NFLX.O,Global,Tech,No
ASML.O,Global,Tech,No
TSM,Global,Tech,Yes
RTX,Global,Tech,Yes
